step,reward,distance_mm,j1,j2,j3,j4,j5,j6
0,,33.902459,0.0,0.0,0.0,0.0,0.0,0.0
1,0.705607,23.738234,3.000000,-2.171603,1.201415,0.000000,0.000000,0.000000
2,0.493847,16.604199,6.000000,-2.598092,0.891412,0.000000,0.000000,0.000000
3,0.587098,9.402436,9.000000,-3.070016,0.838495,0.000000,0.000000,0.000000
4,12.657629,2.343989,12.000000,-3.351726,0.834905,0.000000,0.000000,0.000000
