step,action,distance_mm,j1,j2,j3,j4,j5,j6
0,reset,33.902459,0.0,0.0,0.0,0.0,0.0,0.0
1,j1+1,27.459441,3.000000,0.000000,0.000000,0.000000,0.000000,0.000000
2,j3+1,25.058593,3.000000,0.000000,3.000000,0.000000,0.000000,0.000000
3,j1+1,18.379035,6.000000,0.000000,3.000000,0.000000,0.000000,0.000000
4,j1+1,12.231680,9.000000,0.000000,3.000000,0.000000,0.000000,0.000000
5,j1+1,7.995227,12.000000,0.000000,3.000000,0.000000,0.000000,0.000000
